{"cameraMode":{"drawMode":0,"name":"Shaded","section":"Shading Mode"},"sceneLighting":false,"audioPlay":false,"sceneViewState":{"m_AlwaysRefresh":false,"showFog":true,"showSkybox":false,"showFlares":true,"showImageEffects":true,"showParticleSystems":true,"showVisualEffectGraphs":true,"m_FxEnabled":true},"in2DMode":false,"pivot":{"x":-0.012499809265136719,"y":-0.43848681449890139,"z":0.10446310043334961},"rotation":{"x":0.592755138874054,"y":0.007247792091220617,"z":-0.005335805471986532,"w":0.8053410649299622},"size":0.7343382239341736,"orthographic":true}